{"Train Loss": 0.03052963306366068, "Val Loss": 0.029229336051503196, "Train Accuracy": 0.08531250140672042, "Val Accuracy": 0.07385416796120504, "_timestamp": 1710345348.275671, "_runtime": 25.72951602935791, "_step": 1}