{"Train Loss": 0.4727787428551396, "Val Loss": 0.8594914763389776, "Train Accuracy": 2.9331818556243725, "Val Accuracy": 2.410000040133794, "_timestamp": 1710344830.9122329, "_runtime": 99.19922089576721, "_step": 9, "_wandb": {"runtime": 98}}