{"Train Loss": 0.011265341700478033, "Val Loss": 0.022276059289773307, "Train Accuracy": 0.09583522839979693, "Val Accuracy": 0.09107638994852701, "_timestamp": 1710345836.0098078, "_runtime": 34.73702692985535, "_step": 9, "_wandb": {"runtime": 34}}