{"Train Loss": 0.11119604923508385, "Val Loss": 0.23272340496381125, "Train Accuracy": 0.9596306925470178, "Val Accuracy": 0.910995364189148, "_timestamp": 1710346020.249553, "_runtime": 34.92672896385193, "_step": 9, "_wandb": {"runtime": 34}}