{"Train Loss": 0.01941036937588995, "Val Loss": 0.023884162306785583, "Train Accuracy": 0.09264109974557704, "Val Accuracy": 0.09263888994852702, "_timestamp": 1710345686.21753, "_runtime": 17.622901916503906, "_step": 3}