{"Train Loss": 0.16932757672938434, "Val Loss": 0.23466981947422028, "Train Accuracy": 0.9401515315879475, "Val Accuracy": 0.899189829826355, "_timestamp": 1710345944.446652, "_runtime": 17.882683038711548, "_step": 4}