{"Train Loss": 0.293347993357615, "Val Loss": 0.46313782533009845, "Train Accuracy": 0.9440909244797446, "Val Accuracy": 0.9178240895271301, "_timestamp": 1710346169.282628, "_runtime": 33.60304307937622, "_step": 9, "_wandb": {"runtime": 33}}